nivel,id,nombre,fecha,mbps_bajada,mbps_subida,latencia_ms,tests,dispositivos,teselas
pais,URY,Uruguay,2019-01-01,29.7325,8.9463,35.7875,15875,5731,2335
pais,USA,United States of America,2019-01-01,102.1288,32.4993,29.0365,16609453,5094861,1409613
pais,ESP,Spain,2019-01-01,91.6840,80.6460,26.1397,709734,205145,52021
pais,PER,Peru,2019-01-01,25.5011,5.9252,31.5929,118099,27787,4990
pais,MEX,Mexico,2019-01-01,26.5246,9.0413,35.8591,2016189,539345,74458
pais,COL,Colombia,2019-01-01,17.4953,6.8069,43.2481,368433,91649,11781
pais,CHL,Chile,2019-01-01,71.9281,17.0757,25.7521,272623,84179,16127
pais,CAN,Canada,2019-01-01,87.2434,29.3587,24.7985,1840702,559187,141070
pais,BRA,Brazil,2019-01-01,36.4443,15.9152,26.7010,3174964,841320,155269
pais,AUS,Australia,2019-01-01,30.4403,11.5313,28.9045,1862165,555152,84243
pais,ARG,Argentina,2019-01-01,26.9512,5.5772,34.0712,340517,107538,25703
provincia,02,CABA,2019-01-01,34.9503,5.7407,18.8873,82525,26087,740
provincia,74,San Luis,2019-01-01,8.9602,5.3826,77.0372,3276,1017,443
provincia,82,Santa Fe,2019-01-01,21.8196,4.5863,34.9980,16073,5292,1786
provincia,90,Tucumán,2019-01-01,24.9615,8.7806,50.3075,9136,2869,666
provincia,38,Jujuy,2019-01-01,22.0705,6.7340,62.9055,2422,628,259
provincia,86,Santiago del Estero,2019-01-01,12.8298,4.4945,44.8031,1427,498,236
provincia,14,Córdoba,2019-01-01,19.8214,4.1354,45.0264,23643,8105,2783
provincia,42,La Pampa,2019-01-01,7.8426,4.0366,59.8490,1318,451,286
provincia,22,Chaco,2019-01-01,18.4283,5.5167,45.2642,3823,907,360
provincia,34,Formosa,2019-01-01,13.7362,4.0907,45.7617,1343,374,194
provincia,26,Chubut,2019-01-01,5.4976,1.3709,60.9239,4321,1219,499
provincia,62,Río Negro,2019-01-01,9.1406,2.8720,77.9120,4055,1567,683
provincia,54,Misiones,2019-01-01,11.8596,3.7587,78.5520,3420,1147,495
provincia,66,Salta,2019-01-01,19.4899,5.1401,60.4984,5817,1832,555
provincia,06,Buenos Aires,2019-01-01,30.8090,6.1939,27.3013,141179,43681,11177
provincia,94,Tierra del Fuego,2019-01-01,6.7633,3.3748,56.8400,1100,444,147
provincia,30,Entre Ríos,2019-01-01,12.8509,3.1405,70.1520,4033,1366,788
provincia,18,Corrientes,2019-01-01,17.3964,3.5333,71.0334,3621,975,374
provincia,50,Mendoza,2019-01-01,8.3023,4.2575,56.4864,13188,4164,1329
provincia,70,San Juan,2019-01-01,11.4389,3.3862,64.4294,3617,923,355
provincia,58,Neuquén,2019-01-01,21.0653,5.9435,45.2441,4572,1728,708
provincia,46,La Rioja,2019-01-01,24.4147,8.0213,51.1085,1594,473,209
provincia,10,Catamarca,2019-01-01,15.2134,5.8770,52.3455,1430,343,161
provincia,78,Santa Cruz,2019-01-01,7.3587,3.8499,57.6984,2122,807,296
