anio,trimestre,provincia,accesos_cada_100_hogares,accesos_cada_100_habitantes
2014,1,Buenos Aires,54.57,16.69
2014,1,CABA,112.25,42.66
2014,1,Catamarca,24.25,6.18
2014,1,Chaco,20.72,5.55
2014,1,Chubut,41.24,12.7
2014,1,Córdoba,52.52,16.13
2014,1,Corrientes,22.32,5.89
2014,1,Entre Ríos,34.37,10.3
2014,1,Formosa,17.42,4.44
2014,1,Jujuy,18.42,4.72
2014,1,La Pampa,48.43,15.99
2014,1,La Rioja,16.29,4.35
2014,1,Mendoza,31.91,8.93
2014,1,Misiones,23.14,6.32
2014,1,Neuquén,49.79,14.88
2014,1,Río Negro,44.91,13.87
2014,1,Salta,28.7,6.98
2014,1,San Juan,27.6,7.05
2014,1,San Luis,9.35,2.68
2014,1,Santa Cruz,28.94,8.68
2014,1,Santa Fe,47.85,15.08
2014,1,Santiago Del Estero,16.31,4.06
2014,1,Tierra Del Fuego,63.97,19.1
2014,1,Tucumán,33.42,8.31
2014,2,Buenos Aires,55.06,16.79
2014,2,CABA,113.14,42.97
2014,2,Catamarca,24.7,6.28
2014,2,Chaco,20.96,5.6
2014,2,Chubut,41.41,12.7
2014,2,Córdoba,53.45,16.37
2014,2,Corrientes,22.58,5.95
2014,2,Entre Ríos,34.69,10.37
2014,2,Formosa,17.54,4.46
2014,2,Jujuy,18.71,4.78
2014,2,La Pampa,49.71,16.38
2014,2,La Rioja,16.5,4.39
2014,2,Mendoza,32.1,8.96
2014,2,Misiones,23.37,6.37
2014,2,Neuquén,50.84,15.14
2014,2,Río Negro,45.33,13.95
2014,2,Salta,28.91,7
2014,2,San Juan,27.78,7.08
2014,2,San Luis,9.72,2.78
2014,2,Santa Cruz,29.38,8.74
2014,2,Santa Fe,48.39,15.22
2014,2,Santiago Del Estero,16.7,4.14
2014,2,Tierra Del Fuego,64.36,19.09
2014,2,Tucumán,33.94,8.41
2014,3,Buenos Aires,56.75,17.26
2014,3,CABA,113.8,43.21
2014,3,Catamarca,24.71,6.27
2014,3,Chaco,21.11,5.63
2014,3,Chubut,40.6,12.39
2014,3,Córdoba,54.23,16.56
2014,3,Corrientes,22.79,5.99
2014,3,Entre Ríos,34.98,10.43
2014,3,Formosa,17.77,4.51
2014,3,Jujuy,18.37,4.68
2014,3,La Pampa,55.78,18.34
2014,3,La Rioja,16.51,4.38
2014,3,Mendoza,32.31,8.99
2014,3,Misiones,23.57,6.4
2014,3,Neuquén,56.4,16.73
2014,3,Río Negro,46.2,14.16
2014,3,Salta,29.22,7.05
2014,3,San Juan,27.85,7.08
2014,3,San Luis,9.71,2.77
2014,3,Santa Cruz,28.23,8.34
2014,3,Santa Fe,49.2,15.44
2014,3,Santiago Del Estero,16.49,4.08
2014,3,Tierra Del Fuego,65.69,19.34
2014,3,Tucumán,33.94,8.38
2014,4,Buenos Aires,56.09,17.01
2014,4,CABA,114.9,43.6
2014,4,Catamarca,25.51,6.46
2014,4,Chaco,21.87,5.81
2014,4,Chubut,40.25,12.22
2014,4,Córdoba,54.7,16.66
2014,4,Corrientes,23.56,6.17
2014,4,Entre Ríos,36.03,10.72
2014,4,Formosa,17.96,4.55
2014,4,Jujuy,19.6,4.98
2014,4,La Pampa,51.27,16.82
2014,4,La Rioja,17.01,4.5
2014,4,Mendoza,32.64,9.06
2014,4,Misiones,24.16,6.54
2014,4,Neuquén,52.55,15.53
2014,4,Río Negro,45.48,13.89
2014,4,Salta,29.53,7.1
2014,4,San Juan,28.04,7.1
2014,4,San Luis,9.79,2.78
2014,4,Santa Cruz,27.8,8.16
2014,4,Santa Fe,50,15.66
2014,4,Santiago Del Estero,17.27,4.26
2014,4,Tierra Del Fuego,66.14,19.34
2014,4,Tucumán,35.32,8.69
2015,1,Buenos Aires,56.37,17.24
2015,1,CABA,114.9,43.66
2015,1,Catamarca,25.11,6.4
2015,1,Chaco,26.65,7.14
2015,1,Chubut,37.61,11.59
2015,1,Córdoba,54.7,16.79
2015,1,Corrientes,28.95,7.64
2015,1,Entre Ríos,42.07,12.61
2015,1,Formosa,18.12,4.62
2015,1,Jujuy,19.69,5.05
2015,1,La Pampa,55.51,18.33
2015,1,La Rioja,16.7,4.46
2015,1,Mendoza,32.37,9.06
2015,1,Misiones,26.31,7.19
2015,1,Neuquén,51.95,15.53
2015,1,Río Negro,45.33,13.99
2015,1,Salta,30.01,7.29
2015,1,San Juan,27.55,7.04
2015,1,San Luis,9.72,2.79
2015,1,Santa Cruz,27.99,8.39
2015,1,Santa Fe,50.24,15.83
2015,1,Santiago Del Estero,17.06,4.24
2015,1,Tierra Del Fuego,74.23,22.17
2015,1,Tucumán,35.08,8.72
2015,2,Buenos Aires,56.8,17.33
2015,2,CABA,116.07,44.08
2015,2,Catamarca,25.45,6.48
2015,2,Chaco,27.46,7.34
2015,2,Chubut,36.58,11.22
2015,2,Córdoba,55.87,17.11
2015,2,Corrientes,29.58,7.79
2015,2,Entre Ríos,42.93,12.84
2015,2,Formosa,18.36,4.67
2015,2,Jujuy,20.29,5.19
2015,2,La Pampa,56.71,18.69
2015,2,La Rioja,16.88,4.49
2015,2,Mendoza,32.49,9.07
2015,2,Misiones,27.35,7.45
2015,2,Neuquén,53.12,15.81
2015,2,Río Negro,45.98,14.14
2015,2,Salta,30.46,7.38
2015,2,San Juan,27.64,7.04
2015,2,San Luis,9.71,2.78
2015,2,Santa Cruz,27.07,8.06
2015,2,Santa Fe,51.18,16.09
2015,2,Santiago Del Estero,17.11,4.25
2015,2,Tierra Del Fuego,74.51,22.1
2015,2,Tucumán,35.69,8.84
2015,3,Buenos Aires,57.69,17.55
2015,3,CABA,118.29,44.91
2015,3,Catamarca,25.86,6.56
2015,3,Chaco,27.96,7.45
2015,3,Chubut,36.81,11.23
2015,3,Córdoba,57.08,17.43
2015,3,Corrientes,30.17,7.93
2015,3,Entre Ríos,43.68,13.03
2015,3,Formosa,18.84,4.78
2015,3,Jujuy,21.27,5.42
2015,3,La Pampa,57.96,19.06
2015,3,La Rioja,17.15,4.55
2015,3,Mendoza,32.49,9.04
2015,3,Misiones,28.31,7.69
2015,3,Neuquén,54.6,16.2
2015,3,Río Negro,46.39,14.22
2015,3,Salta,31.18,7.53
2015,3,San Juan,27.67,7.03
2015,3,San Luis,9.71,2.77
2015,3,Santa Cruz,27.61,8.16
2015,3,Santa Fe,52.15,16.36
2015,3,Santiago Del Estero,17.12,4.24
2015,3,Tierra Del Fuego,74.86,22.05
2015,3,Tucumán,36.61,9.04
2015,4,Buenos Aires,58.29,17.68
2015,4,CABA,118.13,44.83
2015,4,Catamarca,26.24,6.64
2015,4,Chaco,28.35,7.54
2015,4,Chubut,36.89,11.21
2015,4,Córdoba,57.36,17.47
2015,4,Corrientes,30.34,7.95
2015,4,Entre Ríos,44.11,13.12
2015,4,Formosa,19.07,4.83
2015,4,Jujuy,21.47,5.46
2015,4,La Pampa,58.76,19.27
2015,4,La Rioja,17.32,4.58
2015,4,Mendoza,32.49,9.02
2015,4,Misiones,28.69,7.77
2015,4,Neuquén,58.29,17.23
2015,4,Río Negro,46.44,14.19
2015,4,Salta,31.59,7.6
2015,4,San Juan,27.66,7.01
2015,4,San Luis,9.71,2.76
2015,4,Santa Cruz,27.74,8.14
2015,4,Santa Fe,52.61,16.47
2015,4,Santiago Del Estero,17,4.2
2015,4,Tierra Del Fuego,66.46,19.44
2015,4,Tucumán,37.06,9.12
2016,1,Buenos Aires,57.34,17.54
2016,1,CABA,115.16,43.76
2016,1,Catamarca,25.91,6.61
2016,1,Chaco,28.08,7.52
2016,1,Chubut,36.09,11.12
2016,1,Córdoba,55.28,16.97
2016,1,Corrientes,30.08,7.94
2016,1,Entre Ríos,43.85,13.14
2016,1,Formosa,19.04,4.86
2016,1,Jujuy,21.41,5.49
2016,1,La Pampa,57.84,19.1
2016,1,La Rioja,16.83,4.5
2016,1,Mendoza,32.12,8.99
2016,1,Misiones,28.37,7.75
2016,1,Neuquén,55.75,16.66
2016,1,Río Negro,45.84,14.15
2016,1,Salta,31.32,7.61
2016,1,San Juan,27.33,6.98
2016,1,San Luis,9.59,2.75
2016,1,Santa Cruz,26.87,8.05
2016,1,Santa Fe,51.28,16.16
2016,1,Santiago Del Estero,16.21,4.03
2016,1,Tierra Del Fuego,65.83,19.65
2016,1,Tucumán,36.72,9.13
2016,2,Buenos Aires,59.34,18.1
2016,2,CABA,120.04,45.59
2016,2,Catamarca,26.07,6.63
2016,2,Chaco,28.59,7.64
2016,2,Chubut,36.12,11.07
2016,2,Córdoba,57.55,17.62
2016,2,Corrientes,30.58,8.05
2016,2,Entre Ríos,44.74,13.38
2016,2,Formosa,19.37,4.93
2016,2,Jujuy,21.89,5.6
2016,2,La Pampa,60.44,19.91
2016,2,La Rioja,16.88,4.49
2016,2,Mendoza,32.13,8.97
2016,2,Misiones,29.24,7.96
2016,2,Neuquén,59.1,17.59
2016,2,Río Negro,46.24,14.22
2016,2,Salta,32.08,7.77
2016,2,San Juan,27.34,6.96
2016,2,San Luis,9.6,2.75
2016,2,Santa Cruz,26.73,7.96
2016,2,Santa Fe,52.44,16.49
2016,2,Santiago Del Estero,15.89,3.94
2016,2,Tierra Del Fuego,67.72,20.08
2016,2,Tucumán,37.24,9.22
2016,3,Buenos Aires,60.14,18.3
2016,3,CABA,120.77,45.85
2016,3,Catamarca,26.48,6.72
2016,3,Chaco,28.91,7.71
2016,3,Chubut,36.18,11.04
2016,3,Córdoba,58.24,17.79
2016,3,Corrientes,31.07,8.16
2016,3,Entre Ríos,45.44,13.55
2016,3,Formosa,18.64,4.73
2016,3,Jujuy,22.61,5.76
2016,3,La Pampa,61.73,20.29
2016,3,La Rioja,17.07,4.53
2016,3,Mendoza,32.09,8.93
2016,3,Misiones,29.91,8.12
2016,3,Neuquén,60.21,17.86
2016,3,Río Negro,46.39,14.22
2016,3,Salta,32.96,7.96
2016,3,San Juan,27.32,6.94
2016,3,San Luis,9.63,2.75
2016,3,Santa Cruz,26.84,7.93
2016,3,Santa Fe,52.67,16.53
2016,3,Santiago Del Estero,15.33,3.79
2016,3,Tierra Del Fuego,68.94,20.31
2016,3,Tucumán,37.9,9.36
2016,4,Buenos Aires,61.24,18.58
2016,4,CABA,120.63,45.78
2016,4,Catamarca,26.54,6.72
2016,4,Chaco,28.79,7.65
2016,4,Chubut,36.07,10.96
2016,4,Córdoba,57.7,17.57
2016,4,Corrientes,30.98,8.12
2016,4,Entre Ríos,45.21,13.45
2016,4,Formosa,19.85,5.03
2016,4,Jujuy,22.65,5.76
2016,4,La Pampa,63.02,20.67
2016,4,La Rioja,16.46,4.35
2016,4,Mendoza,32.11,8.91
2016,4,Misiones,29.72,8.05
2016,4,Neuquén,60.87,17.99
2016,4,Río Negro,46.39,14.17
2016,4,Salta,32.69,7.87
2016,4,San Juan,27.29,6.91
2016,4,San Luis,9.64,2.74
2016,4,Santa Cruz,27.05,7.94
2016,4,Santa Fe,52.19,16.35
2016,4,Santiago Del Estero,15.07,3.72
2016,4,Tierra Del Fuego,70.31,20.57
2016,4,Tucumán,37.98,9.35
2017,1,Buenos Aires,58.57,18.8
2017,1,CABA,108.37,45.69
2017,1,Catamarca,25.66,6.53
2017,1,Chaco,28.62,7.65
2017,1,Chubut,35.66,10.93
2017,1,Córdoba,57.65,17.65
2017,1,Corrientes,30.94,8.15
2017,1,Entre Ríos,44.91,13.43
2017,1,Formosa,19.84,5.05
2017,1,Jujuy,22.76,5.82
2017,1,La Pampa,62.67,20.65
2017,1,La Rioja,16.2,4.31
2017,1,Mendoza,31.84,8.89
2017,1,Misiones,29.52,8.04
2017,1,Neuquén,61.02,18.17
2017,1,Río Negro,46.03,14.16
2017,1,Salta,32.58,7.89
2017,1,San Juan,27.04,6.89
2017,1,San Luis,9.55,2.73
2017,1,Santa Cruz,26.52,7.89
2017,1,Santa Fe,51.97,16.34
2017,1,Santiago Del Estero,14.7,3.65
2017,1,Tierra Del Fuego,68.92,20.44
2017,1,Tucumán,37.9,9.39
2017,2,Buenos Aires,56.27,18.1
2017,2,CABA,124.06,52.24
2017,2,Catamarca,25.98,6.61
2017,2,Chaco,29.05,7.76
2017,2,Chubut,35.55,10.9
2017,2,Córdoba,58.97,18.06
2017,2,Corrientes,31.39,8.27
2017,2,Entre Ríos,45.39,13.57
2017,2,Formosa,19.97,5.08
2017,2,Jujuy,22.4,5.73
2017,2,La Pampa,63.49,20.92
2017,2,La Rioja,16.2,4.31
2017,2,Mendoza,31.76,8.86
2017,2,Misiones,30.09,8.2
2017,2,Neuquén,61.91,18.43
2017,2,Río Negro,46.02,14.16
2017,2,Salta,32.74,7.93
2017,2,San Juan,26.96,6.87
2017,2,San Luis,9.51,2.72
2017,2,Santa Cruz,26.25,7.81
2017,2,Santa Fe,52.27,16.44
2017,2,Santiago Del Estero,14.12,3.5
2017,2,Tierra Del Fuego,68.46,20.3
2017,2,Tucumán,38.19,9.46
2017,3,Buenos Aires,55.63,17.94
2017,3,CABA,121.86,51.24
2017,3,Catamarca,32.49,8.27
2017,3,Chaco,29.98,8.01
2017,3,Chubut,46.22,14.17
2017,3,Córdoba,62.31,19.08
2017,3,Corrientes,32.17,8.47
2017,3,Entre Ríos,45.96,13.74
2017,3,Formosa,21.35,5.43
2017,3,Jujuy,22.65,5.79
2017,3,La Pampa,69.14,22.78
2017,3,La Rioja,51.47,13.7
2017,3,Mendoza,35.7,9.96
2017,3,Misiones,30.21,8.23
2017,3,Neuquén,60.83,18.11
2017,3,Río Negro,48.52,14.92
2017,3,Salta,39.84,9.65
2017,3,San Juan,32.37,8.25
2017,3,San Luis,15.48,4.43
2017,3,Santa Cruz,33.29,9.91
2017,3,Santa Fe,60.91,19.15
2017,3,Santiago Del Estero,35.12,8.72
2017,3,Tierra Del Fuego,65.74,19.49
2017,3,Tucumán,39.7,9.83
2017,4,Buenos Aires,57.61,18.61
2017,4,CABA,122.9,51.62
2017,4,Catamarca,28.62,7.28
2017,4,Chaco,30.81,8.23
2017,4,Chubut,51.46,15.78
2017,4,Córdoba,63.33,19.39
2017,4,Corrientes,32.52,8.56
2017,4,Entre Ríos,47.89,14.32
2017,4,Formosa,21.27,5.41
2017,4,Jujuy,22.74,5.82
2017,4,La Pampa,71.05,23.41
2017,4,La Rioja,51.57,13.73
2017,4,Mendoza,33.33,9.3
2017,4,Misiones,31.14,8.48
2017,4,Neuquén,61.24,18.23
2017,4,Río Negro,49.38,15.19
2017,4,Salta,39.8,9.64
2017,4,San Juan,30.3,7.72
2017,4,San Luis,10.59,3.03
2017,4,Santa Cruz,28.91,8.6
2017,4,Santa Fe,61.71,19.41
2017,4,Santiago Del Estero,29.13,7.23
2017,4,Tierra Del Fuego,59.89,17.76
2017,4,Tucumán,39.9,9.88
2018,1,Buenos Aires,62.63,20.28
2018,1,CABA,106.24,44.56
2018,1,Catamarca,32.79,8.34
2018,1,Chaco,30.83,8.24
2018,1,Chubut,53.72,16.47
2018,1,Córdoba,63.52,19.45
2018,1,Corrientes,32.66,8.6
2018,1,Entre Ríos,48.68,14.56
2018,1,Formosa,21.4,5.45
2018,1,Jujuy,23.12,5.91
2018,1,La Pampa,71.75,23.64
2018,1,La Rioja,51.44,13.69
2018,1,Mendoza,37.07,10.35
2018,1,Misiones,30.96,8.43
2018,1,Neuquén,61.52,18.31
2018,1,Río Negro,49.82,15.32
2018,1,Salta,39.78,9.63
2018,1,San Juan,32.61,8.31
2018,1,San Luis,15.15,4.34
2018,1,Santa Cruz,33.55,9.98
2018,1,Santa Fe,62.28,19.58
2018,1,Santiago Del Estero,34.99,8.68
2018,1,Tierra Del Fuego,65.2,19.33
2018,1,Tucumán,41.18,10.2
2018,2,Buenos Aires,62.78,20.37
2018,2,CABA,106.53,44.63
2018,2,Catamarca,32.86,8.36
2018,2,Chaco,31.25,8.35
2018,2,Chubut,54.9,16.83
2018,2,Córdoba,63.27,19.37
2018,2,Corrientes,33.81,8.9
2018,2,Entre Ríos,49.2,14.71
2018,2,Formosa,29.43,7.49
2018,2,Jujuy,23.43,5.99
2018,2,La Pampa,71.04,23.41
2018,2,La Rioja,50.98,13.57
2018,2,Mendoza,36.97,10.32
2018,2,Misiones,31.63,8.62
2018,2,Neuquén,60.24,17.93
2018,2,Río Negro,50.15,15.43
2018,2,Salta,39.94,9.67
2018,2,San Juan,32.95,8.39
2018,2,San Luis,15.15,4.34
2018,2,Santa Cruz,33.33,9.92
2018,2,Santa Fe,62.57,19.68
2018,2,Santiago Del Estero,35.26,8.75
2018,2,Tierra Del Fuego,91.61,27.16
2018,2,Tucumán,41.51,10.28
2018,3,Buenos Aires,64.44,20.96
2018,3,CABA,108.45,45.38
2018,3,Catamarca,32.92,8.37
2018,3,Chaco,32.28,8.63
2018,3,Chubut,56.39,17.29
2018,3,Córdoba,64.24,19.67
2018,3,Corrientes,34.25,9.02
2018,3,Entre Ríos,50.22,15.02
2018,3,Formosa,29.58,7.53
2018,3,Jujuy,23.26,5.95
2018,3,La Pampa,71.75,23.64
2018,3,La Rioja,50.73,13.51
2018,3,Mendoza,37.99,10.6
2018,3,Misiones,32.1,8.74
2018,3,Neuquén,60.49,18.01
2018,3,Río Negro,50.54,15.55
2018,3,Salta,39.43,9.55
2018,3,San Juan,33.05,8.42
2018,3,San Luis,52.35,14.98
2018,3,Santa Cruz,32.73,9.74
2018,3,Santa Fe,63.41,19.94
2018,3,Santiago Del Estero,36.25,9
2018,3,Tierra Del Fuego,92.77,27.51
2018,3,Tucumán,41.68,10.33
2018,4,Buenos Aires,64.6,21.06
2018,4,CABA,108.27,45.25
2018,4,Catamarca,32.23,8.2
2018,4,Chaco,32.59,8.71
2018,4,Chubut,42.61,13.06
2018,4,Córdoba,65.09,19.93
2018,4,Corrientes,34.57,9.1
2018,4,Entre Ríos,54.37,16.26
2018,4,Formosa,29.74,7.57
2018,4,Jujuy,46.53,11.9
2018,4,La Pampa,73.49,24.22
2018,4,La Rioja,50.35,13.4
2018,4,Mendoza,37.76,10.54
2018,4,Misiones,34.45,9.38
2018,4,Neuquén,59.07,17.58
2018,4,Río Negro,51.86,15.95
2018,4,Salta,39.8,9.64
2018,4,San Juan,31.9,8.13
2018,4,San Luis,67.55,19.33
2018,4,Santa Cruz,23.69,7.05
2018,4,Santa Fe,65.59,20.62
2018,4,Santiago Del Estero,37.4,9.28
2018,4,Tierra Del Fuego,93.59,27.75
2018,4,Tucumán,41.76,10.34
2019,1,Buenos Aires,66.24,21.64
2019,1,CABA,109.2,45.58
2019,1,Catamarca,32.19,8.19
2019,1,Chaco,32.64,8.72
2019,1,Chubut,43,13.18
2019,1,Córdoba,65.52,20.06
2019,1,Corrientes,35.13,9.25
2019,1,Entre Ríos,56.79,16.98
2019,1,Formosa,29.68,7.55
2019,1,Jujuy,46.41,11.87
2019,1,La Pampa,76.35,25.16
2019,1,La Rioja,50.18,13.36
2019,1,Mendoza,37.66,10.51
2019,1,Misiones,36.26,9.88
2019,1,Neuquén,58.88,17.53
2019,1,Río Negro,53.57,16.48
2019,1,Salta,40.1,9.71
2019,1,San Juan,31.83,8.11
2019,1,San Luis,67.34,19.27
2019,1,Santa Cruz,23.67,7.04
2019,1,Santa Fe,66.97,21.06
2019,1,Santiago Del Estero,37.52,9.31
2019,1,Tierra Del Fuego,93.38,27.68
2019,1,Tucumán,41.63,10.31
2019,2,Buenos Aires,67.85,22.22
2019,2,CABA,110.55,46.09
2019,2,Catamarca,32.13,8.17
2019,2,Chaco,34.14,9.13
2019,2,Chubut,46.99,14.4
2019,2,Córdoba,68.07,20.84
2019,2,Corrientes,38.16,10.05
2019,2,Entre Ríos,57.48,17.19
2019,2,Formosa,30.42,7.74
2019,2,Jujuy,44.51,11.38
2019,2,La Pampa,77.08,25.4
2019,2,La Rioja,48.7,12.97
2019,2,Mendoza,40.75,11.37
2019,2,Misiones,39.15,10.66
2019,2,Neuquén,63.08,18.78
2019,2,Río Negro,61.09,18.79
2019,2,Salta,41.89,10.15
2019,2,San Juan,35.6,9.07
2019,2,San Luis,81.79,23.41
2019,2,Santa Cruz,28.85,8.58
2019,2,Santa Fe,67.42,21.2
2019,2,Santiago Del Estero,52.79,13.1
2019,2,Tierra Del Fuego,94.8,28.11
2019,2,Tucumán,40.14,9.94
2019,3,Buenos Aires,69.36,22.76
2019,3,CABA,112.65,46.9
2019,3,Catamarca,30.88,7.86
2019,3,Chaco,35.85,9.58
2019,3,Chubut,47.57,14.58
2019,3,Córdoba,68.59,21
2019,3,Corrientes,38.49,10.13
2019,3,Entre Ríos,57.9,17.31
2019,3,Formosa,30.11,7.66
2019,3,Jujuy,44.32,11.33
2019,3,La Pampa,77.45,25.52
2019,3,La Rioja,47.94,12.76
2019,3,Mendoza,40.74,11.37
2019,3,Misiones,39.33,10.71
2019,3,Neuquén,64.14,19.09
2019,3,Río Negro,63.42,19.51
2019,3,Salta,44.48,10.77
2019,3,San Juan,37.06,9.44
2019,3,San Luis,85.23,24.39
2019,3,Santa Cruz,35.63,10.6
2019,3,Santa Fe,68.87,21.66
2019,3,Santiago Del Estero,55.3,13.73
2019,3,Tierra Del Fuego,96.46,28.6
2019,3,Tucumán,39.49,9.78
2019,4,Buenos Aires,64.25,21.14
2019,4,CABA,106.25,44.19
2019,4,Catamarca,36.44,9.27
2019,4,Chaco,36.84,9.85
2019,4,Chubut,51.15,15.68
2019,4,Córdoba,70.48,21.58
2019,4,Corrientes,38.77,10.21
2019,4,Entre Ríos,57.99,17.34
2019,4,Formosa,30.47,7.76
2019,4,Jujuy,45.38,11.6
2019,4,La Pampa,76.92,25.34
2019,4,La Rioja,47.14,12.55
2019,4,Mendoza,33.65,9.39
2019,4,Misiones,39.79,10.84
2019,4,Neuquén,59.36,17.67
2019,4,Río Negro,55.71,17.13
2019,4,Salta,50.35,12.2
2019,4,San Juan,32.85,8.37
2019,4,San Luis,74.92,21.44
2019,4,Santa Cruz,36.71,10.92
2019,4,Santa Fe,69.48,21.85
2019,4,Santiago Del Estero,42.92,10.65
2019,4,Tierra Del Fuego,79.7,23.63
2019,4,Tucumán,47.65,11.8
2020,1,Buenos Aires,64.33,21.21
2020,1,CABA,105.98,44.02
2020,1,Catamarca,37.62,9.57
2020,1,Chaco,37.48,10.02
2020,1,Chubut,51.27,15.72
2020,1,Córdoba,70.69,21.64
2020,1,Corrientes,38.73,10.2
2020,1,Entre Ríos,56.12,16.78
2020,1,Formosa,30.23,7.69
2020,1,Jujuy,46.67,11.93
2020,1,La Pampa,75.77,24.96
2020,1,La Rioja,46.35,12.34
2020,1,Mendoza,33.14,9.25
2020,1,Misiones,39.02,10.63
2020,1,Neuquén,61.85,18.41
2020,1,Río Negro,55.12,16.95
2020,1,Salta,49.6,12.01
2020,1,San Juan,32.39,8.25
2020,1,San Luis,76.31,21.84
2020,1,Santa Cruz,35.97,10.7
2020,1,Santa Fe,69.52,21.86
2020,1,Santiago Del Estero,42.47,10.54
2020,1,Tierra Del Fuego,76.07,22.55
2020,1,Tucumán,47.85,11.85
2020,2,Buenos Aires,65.22,21.55
2020,2,CABA,106.41,44.15
2020,2,Catamarca,45.43,11.56
2020,2,Chaco,39.83,10.65
2020,2,Chubut,57.34,17.58
2020,2,Córdoba,72.71,22.26
2020,2,Corrientes,40.3,10.61
2020,2,Entre Ríos,56.54,16.9
2020,2,Formosa,31.14,7.93
2020,2,Jujuy,47.89,12.25
2020,2,La Pampa,76.1,25.07
2020,2,La Rioja,49.84,13.27
2020,2,Mendoza,36.25,10.12
2020,2,Misiones,40.89,11.14
2020,2,Neuquén,63.9,19.02
2020,2,Río Negro,56.37,17.34
2020,2,Salta,51.58,12.49
2020,2,San Juan,35.09,8.94
2020,2,San Luis,78.41,22.44
2020,2,Santa Cruz,35.79,10.65
2020,2,Santa Fe,70,22.01
2020,2,Santiago Del Estero,43.47,10.79
2020,2,Tierra Del Fuego,76.37,22.64
2020,2,Tucumán,51.78,12.83
2020,3,Buenos Aires,67.66,22.41
2020,3,CABA,107.68,44.62
2020,3,Catamarca,47.16,12
2020,3,Chaco,41.54,11.1
2020,3,Chubut,68.34,20.95
2020,3,Córdoba,75.22,23.03
2020,3,Corrientes,41.75,10.99
2020,3,Entre Ríos,58.19,17.4
2020,3,Formosa,31.91,8.12
2020,3,Jujuy,54.04,13.82
2020,3,La Pampa,79.26,26.12
2020,3,La Rioja,50.12,13.34
2020,3,Mendoza,37.35,10.42
2020,3,Misiones,41.6,11.33
2020,3,Neuquén,65.24,19.42
2020,3,Río Negro,57.05,17.55
2020,3,Salta,52.32,12.67
2020,3,San Juan,38.79,9.88
2020,3,San Luis,79.96,22.88
2020,3,Santa Cruz,35.95,10.7
2020,3,Santa Fe,72.12,22.68
2020,3,Santiago Del Estero,43.38,10.76
2020,3,Tierra Del Fuego,76.81,22.77
2020,3,Tucumán,53.23,13.18
2020,4,Buenos Aires,68.98,22.9
2020,4,CABA,108.31,44.83
2020,4,Catamarca,49.41,12.57
2020,4,Chaco,43.03,11.5
2020,4,Chubut,68.35,20.95
2020,4,Córdoba,78.08,23.9
2020,4,Corrientes,42.43,11.17
2020,4,Entre Ríos,59.47,17.78
2020,4,Formosa,32.49,8.27
2020,4,Jujuy,53.46,13.67
2020,4,La Pampa,81.77,26.94
2020,4,La Rioja,50.11,13.34
2020,4,Mendoza,38.63,10.78
2020,4,Misiones,42.64,11.61
2020,4,Neuquén,67,19.94
2020,4,Río Negro,61.09,18.79
2020,4,Salta,54.04,13.09
2020,4,San Juan,36.32,9.25
2020,4,San Luis,81.68,23.38
2020,4,Santa Cruz,37,11.01
2020,4,Santa Fe,73.58,23.14
2020,4,Santiago Del Estero,43.75,10.86
2020,4,Tierra Del Fuego,76.27,22.61
2020,4,Tucumán,54.78,13.57
2021,1,Buenos Aires,69.11,23
2021,1,CABA,108.42,44.83
2021,1,Catamarca,48.9,12.44
2021,1,Chaco,43.14,11.53
2021,1,Chubut,68.99,21.15
2021,1,Córdoba,78.59,24.06
2021,1,Corrientes,42.66,11.23
2021,1,Entre Ríos,60.44,18.07
2021,1,Formosa,32.73,8.33
2021,1,Jujuy,55.63,14.23
2021,1,La Pampa,81.78,26.94
2021,1,La Rioja,49.81,13.26
2021,1,Mendoza,39.15,10.93
2021,1,Misiones,43.17,11.76
2021,1,Neuquén,66.84,19.9
2021,1,Río Negro,60.88,18.72
2021,1,Salta,53.93,13.06
2021,1,San Juan,39.06,9.95
2021,1,San Luis,81.24,23.25
2021,1,Santa Cruz,41.65,12.39
2021,1,Santa Fe,73.92,23.24
2021,1,Santiago Del Estero,45.67,11.33
2021,1,Tierra Del Fuego,77.35,22.93
2021,1,Tucumán,54.82,13.58
2021,2,Buenos Aires,70,23.35
2021,2,CABA,110.14,45.49
2021,2,Catamarca,52.34,13.31
2021,2,Chaco,43.33,11.58
2021,2,Chubut,72.29,22.16
2021,2,Córdoba,80.12,24.53
2021,2,Corrientes,43.54,11.47
2021,2,Entre Ríos,61.66,18.44
2021,2,Formosa,33.23,8.46
2021,2,Jujuy,56.18,14.37
2021,2,La Pampa,82.08,27.04
2021,2,La Rioja,76.98,20.49
2021,2,Mendoza,40.97,11.43
2021,2,Misiones,45.01,12.26
2021,2,Neuquén,69.14,20.58
2021,2,Río Negro,61.94,19.05
2021,2,Salta,54.93,13.3
2021,2,San Juan,39.28,10.01
2021,2,San Luis,83.48,23.89
2021,2,Santa Cruz,44.01,13.1
2021,2,Santa Fe,75.07,23.6
2021,2,Santiago Del Estero,46.56,11.55
2021,2,Tierra Del Fuego,67.89,20.13
2021,2,Tucumán,54.93,13.61
2021,3,Buenos Aires,71.68,23.97
2021,3,CABA,111.27,45.9
2021,3,Catamarca,52.71,13.41
2021,3,Chaco,42.96,11.48
2021,3,Chubut,80.71,24.74
2021,3,Córdoba,81.28,24.89
2021,3,Corrientes,44.9,11.82
2021,3,Entre Ríos,62.18,18.59
2021,3,Formosa,33.96,8.64
2021,3,Jujuy,55.69,14.24
2021,3,La Pampa,84.28,27.77
2021,3,La Rioja,77.26,20.57
2021,3,Mendoza,45.55,12.71
2021,3,Misiones,45.57,12.41
2021,3,Neuquén,69.71,20.75
2021,3,Río Negro,61.97,19.06
2021,3,Salta,55.96,13.55
2021,3,San Juan,39.46,10.05
2021,3,San Luis,79.87,22.86
2021,3,Santa Cruz,43.75,13.02
2021,3,Santa Fe,75.02,23.59
2021,3,Santiago Del Estero,47,11.66
2021,3,Tierra Del Fuego,94.95,28.15
2021,3,Tucumán,54.64,13.53
2021,4,Buenos Aires,75.66,25.36
2021,4,CABA,111.27,45.85
2021,4,Catamarca,55.25,14.05
2021,4,Chaco,44.05,11.77
2021,4,Chubut,82.57,25.31
2021,4,Córdoba,84.51,25.87
2021,4,Corrientes,45.51,11.98
2021,4,Entre Ríos,63.16,18.88
2021,4,Formosa,34.45,8.77
2021,4,Jujuy,56.92,14.56
2021,4,La Pampa,89.57,29.51
2021,4,La Rioja,77.92,20.74
2021,4,Mendoza,47.51,13.26
2021,4,Misiones,49.06,13.36
2021,4,Neuquén,73.3,21.82
2021,4,Río Negro,65.69,20.21
2021,4,Salta,56.81,13.76
2021,4,San Juan,39.59,10.08
2021,4,San Luis,80.3,22.98
2021,4,Santa Cruz,43.05,12.81
2021,4,Santa Fe,77.09,24.24
2021,4,Santiago Del Estero,47.05,11.68
2021,4,Tierra Del Fuego,98.4,29.17
2021,4,Tucumán,55.93,13.85
2022,1,Buenos Aires,76.08,25.56
2022,1,CABA,111.8,46.01
2022,1,Catamarca,58.21,14.81
2022,1,Chaco,44.06,11.78
2022,1,Chubut,88.05,26.99
2022,1,Córdoba,85.76,26.26
2022,1,Corrientes,47.64,12.55
2022,1,Entre Ríos,63.7,19.05
2022,1,Formosa,34.96,8.9
2022,1,Jujuy,58.06,14.85
2022,1,La Pampa,91.66,30.2
2022,1,La Rioja,78.77,20.97
2022,1,Mendoza,48.74,13.6
2022,1,Misiones,49.04,13.36
2022,1,Neuquén,74.17,22.08
2022,1,Río Negro,67.04,20.62
2022,1,Salta,56.11,13.59
2022,1,San Juan,43.55,11.09
2022,1,San Luis,80.72,23.1
2022,1,Santa Cruz,43.34,12.89
2022,1,Santa Fe,77.3,24.31
2022,1,Santiago Del Estero,47.17,11.71
2022,1,Tierra Del Fuego,98.29,29.14
2022,1,Tucumán,57.39,14.22
2022,2,Buenos Aires,77.12,26.13
2022,2,CABA,109.24,49.87
2022,2,Catamarca,49.58,15.87
2022,2,Chaco,38.34,11.7
2022,2,Chubut,75.63,25.5
2022,2,Córdoba,73.61,26.78
2022,2,Corrientes,38.24,12.73
2022,2,Entre Ríos,53.8,19.11
2022,2,Formosa,34.25,11.05
2022,2,Jujuy,46.93,14.66
2022,2,La Pampa,78.78,30.64
2022,2,La Rioja,68.14,21.33
2022,2,Mendoza,42.87,13.78
2022,2,Misiones,42.01,13.89
2022,2,Neuquén,62.93,23.82
2022,2,Río Negro,57.28,20.87
2022,2,Salta,48.56,13.94
2022,2,San Juan,40.64,12.6
2022,2,San Luis,65.61,23.4
2022,2,Santa Cruz,41.24,12.84
2022,2,Santa Fe,68.13,24.5
2022,2,Santiago Del Estero,37.24,11.84
2022,2,Tierra Del Fuego,81.24,29.61
2022,2,Tucumán,50.35,14.69
2022,3,Buenos Aires,78.14,26.97
2022,3,CABA,110.14,49.61
2022,3,Catamarca,51.81,16.32
2022,3,Chaco,37.96,12.64
2022,3,Chubut,76.81,27.93
2022,3,Córdoba,74.04,26.93
2022,3,Corrientes,38.35,11.98
2022,3,Entre Ríos,53.47,18.81
2022,3,Formosa,34.37,11.24
2022,3,Jujuy,48.58,14.69
2022,3,La Pampa,81.28,31.89
2022,3,La Rioja,68.09,22.47
2022,3,Mendoza,44.43,14.18
2022,3,Misiones,42.43,14.16
2022,3,Neuquén,63.77,23.05
2022,3,Río Negro,57,21.25
2022,3,Salta,48.61,14.14
2022,3,San Juan,41.62,12.52
2022,3,San Luis,66.14,22.6
2022,3,Santa Cruz,41.6,14.7
2022,3,Santa Fe,68.21,24.89
2022,3,Santiago Del Estero,37.65,11.24
2022,3,Tierra Del Fuego,82.01,29.16
2022,3,Tucumán,51.81,15.15
2022,4,Buenos Aires,79.47,27.43
2022,4,CABA,110.57,49.81
2022,4,Catamarca,52.07,16.41
2022,4,Chaco,37.3,12.42
2022,4,Chubut,77.98,28.35
2022,4,Córdoba,74.38,27.05
2022,4,Corrientes,41.32,12.9
2022,4,Entre Ríos,53.62,18.86
2022,4,Formosa,30.82,10.08
2022,4,Jujuy,48.56,14.68
2022,4,La Pampa,79.22,31.08
2022,4,La Rioja,66.92,22.08
2022,4,Mendoza,44.86,14.31
2022,4,Misiones,43.02,14.36
2022,4,Neuquén,62.99,22.76
2022,4,Río Negro,56.99,21.24
2022,4,Salta,48.65,14.15
2022,4,San Juan,41.56,12.5
2022,4,San Luis,73.65,25.17
2022,4,Santa Cruz,42.26,14.94
2022,4,Santa Fe,67.59,24.67
2022,4,Santiago Del Estero,37.9,11.31
2022,4,Tierra Del Fuego,84.68,30.11
2022,4,Tucumán,51.64,15.1
2023,1,Buenos Aires,80.03,27.66
2023,1,CABA,110.46,49.98
2023,1,Catamarca,52.3,16.36
2023,1,Chaco,36.47,11.88
2023,1,Chubut,78.37,28.34
2023,1,Córdoba,73.95,26.63
2023,1,Corrientes,41.9,13.11
2023,1,Entre Ríos,54.13,18.89
2023,1,Formosa,30.21,9.78
2023,1,Jujuy,48.68,14.78
2023,1,La Pampa,80.13,31.03
2023,1,La Rioja,66.34,21.54
2023,1,Mendoza,45.03,14.36
2023,1,Misiones,43.67,14.34
2023,1,Neuquén,63.46,23.02
2023,1,Río Negro,57.22,20.98
2023,1,Salta,48.28,13.9
2023,1,San Juan,40.51,12.06
2023,1,San Luis,74.17,25.44
2023,1,Santa Cruz,42.48,15.05
2023,1,Santa Fe,66.88,24.1
2023,1,Santiago Del Estero,37.7,11.27
2023,1,Tierra Del Fuego,88.14,31.55
2023,1,Tucumán,50.96,14.78
2023,2,Buenos Aires,81.22,28.03
2023,2,CABA,104.08,47.1
2023,2,Catamarca,53.2,16.69
2023,2,Chaco,35.82,11.82
2023,2,Chubut,75.37,27.3
2023,2,Córdoba,74.75,27.06
2023,2,Corrientes,42.41,13.21
2023,2,Entre Ríos,53.69,18.82
2023,2,Formosa,29.71,9.67
2023,2,Jujuy,48.68,14.71
2023,2,La Pampa,81.06,31.65
2023,2,La Rioja,66.09,21.65
2023,2,Mendoza,45.78,14.58
2023,2,Misiones,44.39,14.67
2023,2,Neuquén,64.37,23.17
2023,2,Río Negro,56.34,20.83
2023,2,Salta,47.99,13.88
2023,2,San Juan,38.58,11.54
2023,2,San Luis,77.47,26.4
2023,2,Santa Cruz,41.08,14.52
2023,2,Santa Fe,67,24.35
2023,2,Santiago Del Estero,37.56,11.19
2023,2,Tierra Del Fuego,91.13,32.36
2023,2,Tucumán,51.21,14.91
2023,3,Buenos Aires,82.58,28.52
2023,3,CABA,104.94,47.27
2023,3,Catamarca,54.15,17.04
2023,3,Chaco,35.84,11.89
2023,3,Chubut,77.2,28.05
2023,3,Córdoba,74.81,27.17
2023,3,Corrientes,42.77,13.38
2023,3,Entre Ríos,57.45,20.18
2023,3,Formosa,30.16,9.85
2023,3,Jujuy,48.63,14.73
2023,3,La Pampa,81.7,31.98
2023,3,La Rioja,66.57,21.91
2023,3,Mendoza,45.81,14.62
2023,3,Misiones,44.68,14.88
2023,3,Neuquén,65.27,23.65
2023,3,Río Negro,56.3,20.93
2023,3,Salta,48.15,13.98
2023,3,San Juan,41.02,12.32
2023,3,San Luis,81.86,28.03
2023,3,Santa Cruz,40.55,14.35
2023,3,Santa Fe,67.31,24.5
2023,3,Santiago Del Estero,38.84,11.61
2023,3,Tierra Del Fuego,91.19,32.52
2023,3,Tucumán,51.75,15.11
2023,4,Buenos Aires,82.56,28.51
2023,4,CABA,105.06,47.33
2023,4,Catamarca,54.1,17.03
2023,4,Chaco,35.8,11.87
2023,4,Chubut,77.14,28.03
2023,4,Córdoba,74.75,27.14
2023,4,Corrientes,42.73,13.36
2023,4,Entre Ríos,57.42,20.17
2023,4,Formosa,30.14,9.84
2023,4,Jujuy,48.6,14.72
2023,4,La Pampa,81.65,31.95
2023,4,La Rioja,66.5,21.88
2023,4,Mendoza,45.78,14.61
2023,4,Misiones,44.59,14.85
2023,4,Neuquén,65.17,23.61
2023,4,Río Negro,56.23,20.9
2023,4,Salta,48.09,13.97
2023,4,San Juan,40.97,12.31
2023,4,San Luis,81.76,28
2023,4,Santa Cruz,40.55,14.34
2023,4,Santa Fe,67.29,24.49
2023,4,Santiago Del Estero,38.81,11.6
2023,4,Tierra Del Fuego,91.1,32.48
2023,4,Tucumán,51.71,15.1
2024,1,Buenos Aires,83.82,28.93
2024,1,CABA,107.81,48.79
2024,1,Catamarca,54.48,17.09
2024,1,Chaco,39.12,12.9
2024,1,Chubut,78.28,28.37
2024,1,Córdoba,75.59,27.37
2024,1,Corrientes,42.16,13.13
2024,1,Entre Ríos,58.03,20.34
2024,1,Formosa,30.8,10.02
2024,1,Jujuy,48.85,14.76
2024,1,La Pampa,83.15,32.46
2024,1,La Rioja,66.49,21.78
2024,1,Mendoza,46.46,14.79
2024,1,Misiones,45.72,15.11
2024,1,Neuquén,65.05,23.42
2024,1,Río Negro,58.74,21.72
2024,1,Salta,47.26,13.67
2024,1,San Juan,42.08,12.58
2024,1,San Luis,85.59,29.16
2024,1,Santa Cruz,67.76,23.96
2024,1,Santa Fe,68.63,24.94
2024,1,Santiago Del Estero,39.55,11.78
2024,1,Tierra Del Fuego,95.39,33.88
2024,1,Tucumán,51.29,14.93
2024,2,Buenos Aires,82.89,28.61
2024,2,CABA,104.98,47.51
2024,2,Catamarca,54.54,17.11
2024,2,Chaco,36.95,12.19
2024,2,Chubut,79.85,28.93
2024,2,Córdoba,75.79,27.44
2024,2,Corrientes,41.74,13
2024,2,Entre Ríos,57.56,20.17
2024,2,Formosa,30.89,10.05
2024,2,Jujuy,49.5,14.95
2024,2,La Pampa,83.82,32.72
2024,2,La Rioja,66.19,21.69
2024,2,Mendoza,46.28,14.74
2024,2,Misiones,46.53,15.38
2024,2,Neuquén,64.67,23.28
2024,2,Río Negro,59.02,21.82
2024,2,Salta,46.85,13.55
2024,2,San Juan,41.76,12.49
2024,2,San Luis,86.31,29.41
2024,2,Santa Cruz,70.5,24.92
2024,2,Santa Fe,69.53,25.27
2024,2,Santiago Del Estero,39.81,11.86
2024,2,Tierra Del Fuego,95.07,33.76
2024,2,Tucumán,51.71,15.05
2024,3,Buenos Aires,83.46,28.82
2024,3,CABA,104.81,47.21
2024,3,Catamarca,55.85,17.58
2024,3,Chaco,40.73,13.51
2024,3,Chubut,80.52,29.26
2024,3,Córdoba,77.24,28.05
2024,3,Corrientes,42.21,13.2
2024,3,Entre Ríos,58.16,20.43
2024,3,Formosa,31.34,10.23
2024,3,Jujuy,53.85,16.31
2024,3,La Pampa,86.66,33.91
2024,3,La Rioja,66.36,21.84
2024,3,Mendoza,47.16,15.05
2024,3,Misiones,47.02,15.66
2024,3,Neuquén,66.59,24.13
2024,3,Río Negro,60.92,22.65
2024,3,Salta,47.37,13.76
2024,3,San Juan,42.41,12.74
2024,3,San Luis,93.24,31.93
2024,3,Santa Cruz,71.25,25.2
2024,3,Santa Fe,69.83,25.41
2024,3,Santiago Del Estero,40.99,12.25
2024,3,Tierra Del Fuego,89.84,32.04
2024,3,Tucumán,52.78,15.41
2024,4,Buenos Aires,86.71,29.94
2024,4,CABA,105.26,47.42
2024,4,Catamarca,56.15,17.67
2024,4,Chaco,41.04,13.61
2024,4,Chubut,82.86,30.11
2024,4,Córdoba,77.18,28.03
2024,4,Corrientes,42.53,13.3
2024,4,Entre Ríos,58.77,20.64
2024,4,Formosa,31.92,10.42
2024,4,Jujuy,53.99,16.35
2024,4,La Pampa,87.17,34.12
2024,4,La Rioja,66.29,21.82
2024,4,Mendoza,51.79,16.53
2024,4,Misiones,47.39,15.78
2024,4,Neuquén,73.76,26.72
2024,4,Río Negro,61.41,22.83
2024,4,Salta,44.05,12.79
2024,4,San Juan,49.86,14.98
2024,4,San Luis,96.01,32.88
2024,4,Santa Cruz,69.97,24.75
2024,4,Santa Fe,67.83,24.68
2024,4,Santiago Del Estero,35.17,10.51
2024,4,Tierra Del Fuego,88.49,31.56
2024,4,Tucumán,52.26,15.26
2025,1,Buenos Aires,87.85,30.34
2025,1,CABA,106.45,47.95
2025,1,Catamarca,57.25,18.02
2025,1,Chaco,41.94,13.91
2025,1,Chubut,84.49,30.7
2025,1,Córdoba,78.37,28.46
2025,1,Corrientes,43.59,13.63
2025,1,Entre Ríos,59.32,20.84
2025,1,Formosa,32.33,10.55
2025,1,Jujuy,54.43,16.48
2025,1,La Pampa,87.97,34.43
2025,1,La Rioja,66.81,21.98
2025,1,Mendoza,52.76,16.84
2025,1,Misiones,47.7,15.89
2025,1,Neuquén,75.9,27.5
2025,1,Río Negro,62.55,23.25
2025,1,Salta,44.48,12.92
2025,1,San Juan,50.51,15.17
2025,1,San Luis,97.03,33.23
2025,1,Santa Cruz,70.46,24.93
2025,1,Santa Fe,68.56,24.95
2025,1,Santiago Del Estero,36.94,11.04
2025,1,Tierra Del Fuego,89.95,32.07
2025,1,Tucumán,52.66,15.38
2025,2,Buenos Aires,88.99,30.73
2025,2,CABA,106.77,48.1
2025,2,Catamarca,59.38,18.69
2025,2,Chaco,42.75,14.18
2025,2,Chubut,76.37,27.75
2025,2,Córdoba,79.06,28.71
2025,2,Corrientes,45.63,14.27
2025,2,Entre Ríos,60.05,21.09
2025,2,Formosa,33.68,10.99
2025,2,Jujuy,55.25,16.73
2025,2,La Pampa,88.88,34.78
2025,2,La Rioja,67.53,22.22
2025,2,Mendoza,54.03,17.25
2025,2,Misiones,47.84,15.94
2025,2,Neuquén,78.65,28.49
2025,2,Río Negro,63.91,23.75
2025,2,Salta,46.15,13.4
2025,2,San Juan,52.01,15.63
2025,2,San Luis,101.9,34.9
2025,2,Santa Cruz,71.84,25.41
2025,2,Santa Fe,69.55,25.31
2025,2,Santiago Del Estero,38.92,11.63
2025,2,Tierra Del Fuego,92.45,32.96
2025,2,Tucumán,53.88,15.73
2025,3,Buenos Aires,89.74,30.99
2025,3,CABA,107.73,48.53
2025,3,Catamarca,61.98,19.51
2025,3,Chaco,44.05,14.61
2025,3,Chubut,76.14,27.66
2025,3,Córdoba,81.94,29.75
2025,3,Corrientes,49.83,15.58
2025,3,Entre Ríos,62.39,21.92
2025,3,Formosa,37.22,12.15
2025,3,Jujuy,58.28,17.65
2025,3,La Pampa,90.47,35.41
2025,3,La Rioja,68.03,22.38
2025,3,Mendoza,55.96,17.86
2025,3,Misiones,51.53,17.16
2025,3,Neuquén,82.28,29.81
2025,3,Río Negro,70.52,26.21
2025,3,Salta,49.96,14.51
2025,3,San Juan,56.5,16.97
2025,3,San Luis,101.2,34.66
2025,3,Santa Cruz,73.53,26.01
2025,3,Santa Fe,71.35,25.97
2025,3,Santiago Del Estero,41.62,12.44
2025,3,Tierra Del Fuego,94.46,33.68
2025,3,Tucumán,58.35,17.04
2025,4,Buenos Aires,92.13,31.82
2025,4,CABA,108.98,49.09
2025,4,Catamarca,64.42,20.28
2025,4,Chaco,48.58,16.11
2025,4,Chubut,80.94,29.41
2025,4,Córdoba,84.66,30.74
2025,4,Corrientes,55.76,17.44
2025,4,Entre Ríos,66.7,23.43
2025,4,Formosa,42,13.71
2025,4,Jujuy,62.88,19.04
2025,4,La Pampa,97.1,38
2025,4,La Rioja,68.41,22.51
2025,4,Mendoza,59.42,18.97
2025,4,Misiones,53.26,17.74
2025,4,Neuquén,85.14,30.85
2025,4,Río Negro,76.43,28.41
2025,4,Salta,53.52,15.54
2025,4,San Juan,59.52,17.88
2025,4,San Luis,98.77,33.83
2025,4,Santa Cruz,82.34,29.12
2025,4,Santa Fe,72.9,26.53
2025,4,Santiago Del Estero,44.73,13.37
2025,4,Tierra Del Fuego,94.97,33.86
2025,4,Tucumán,60.2,17.58
2026,1,Buenos Aires,93.21,32.19
2026,1,CABA,118.81,53.52
2026,1,Catamarca,67.42,21.22
2026,1,Chaco,50.45,16.73
2026,1,Chubut,87.05,31.63
2026,1,Córdoba,86.14,31.28
2026,1,Corrientes,58.94,18.43
2026,1,Entre Ríos,69.19,24.31
2026,1,Formosa,48.74,15.91
2026,1,Jujuy,64.78,19.62
2026,1,La Pampa,102.74,40.21
2026,1,La Rioja,69.22,22.78
2026,1,Mendoza,60.7,19.38
2026,1,Misiones,54.67,18.21
2026,1,Neuquén,92.97,33.68
2026,1,Río Negro,81.63,30.34
2026,1,Salta,71.97,20.9
2026,1,San Juan,58.84,17.68
2026,1,San Luis,103.57,35.47
2026,1,Santa Cruz,89.6,31.69
2026,1,Santa Fe,75.27,27.39
2026,1,Santiago Del Estero,64.14,19.17
2026,1,Tierra Del Fuego,97.11,34.63
2026,1,Tucumán,61.6,17.99
2026,2,Buenos Aires,94.56,32.66
2026,2,CABA,119.93,54.02
2026,2,Catamarca,69.37,21.84
2026,2,Chaco,51.47,17.07
2026,2,Chubut,88.78,32.26
2026,2,Córdoba,87.21,31.67
2026,2,Corrientes,60.92,19.05
2026,2,Entre Ríos,70.37,24.72
2026,2,Formosa,50.11,16.36
2026,2,Jujuy,66.42,20.11
2026,2,La Pampa,103.29,40.43
2026,2,La Rioja,73.72,24.26
2026,2,Mendoza,62.26,19.87
2026,2,Misiones,56.57,18.84
2026,2,Neuquén,94.49,34.23
2026,2,Río Negro,83.58,31.07
2026,2,Salta,73.79,21.43
2026,2,San Juan,61.19,18.38
2026,2,San Luis,104.18,35.68
2026,2,Santa Cruz,90.83,32.13
2026,2,Santa Fe,76.18,27.72
2026,2,Santiago Del Estero,66.25,19.8
2026,2,Tierra Del Fuego,97.85,34.9
2026,2,Tucumán,63.23,18.46
