codigo,modulo,pilar,dimension,nombre,unidad,signo,frecuencia,api,id_api,fuente,estado,notas
pot_instalada_mw,nacional,energia,capacidad,Potencia instalada total del MEM,MW,,anual,datos_gob,367.1_POTENCIA_ITAL__24,CAMMESA (via SSPM),descargada,Insumo del margen de reserva (instalada / potencia maxima 12m - 1)
pot_maxima_mw,nacional,energia,capacidad,Potencia maxima demandada,MW,,mensual,datos_gob,367.3_POTENCIA_MIMA__15,CAMMESA (via SSPM),descargada,Insumo del margen de reserva
demanda_electrica_gwh,nacional,energia,uso,Demanda total de energia electrica,GWh,1,mensual,datos_gob,367.3_DEMANDA_TOTAL__13,CAMMESA (via SSPM),descargada,Uso: sigue al ciclo economico
produccion_gas_mm3,nacional,energia,capacidad,Produccion de gas natural,millones de m3,,mensual,datos_gob,364.3_PRODUCCIoNRAL__25,Secretaria de Energia (via SSPM),descargada,Insumo del autoabastecimiento de gas (produccion / consumo)
consumo_gas_mm3,nacional,energia,capacidad,Consumo total de gas natural entregado,millones de m3,,mensual,datos_gob,364.3_TOTALTAL__5,ENARGAS (via SSPM),descargada,Insumo del autoabastecimiento de gas
hogares_gas_red,nacional,energia,cobertura,Hogares que cocinan con gas de red,% hogares,1,trimestral,eph,II8=1,INDEC EPH (microdatos),descargada,31 aglomerados urbanos; scripts/actualizar_eph.py
carga_ferroviaria,nacional,transporte,uso,Transporte de carga ferroviaria,miles de t-km,1,mensual,datos_gob,302.3_TRANSP_CAR_KM_0_S_36,INDEC ISSP,descargada,La API rotula la unidad como 2004=100 pero los valores son miles de t-km (~10.000 M t-km/anio)
carga_aerea,nacional,transporte,uso,Transporte de carga aerea comercial,ver notas,1,mensual,datos_gob,302.3_TRANSP_CAR_TN_0_S_44,INDEC ISSP,descargada,Revisar unidad (la API dice 2004=100)
peajes_rutas_nacionales,nacional,transporte,uso,Transito en peajes de rutas nacionales (vehiculos equivalentes),ver notas,1,mensual,datos_gob,302.3_PEAJES_RUTEQS_0_S_29,INDEC ISSP,descargada,Uteqs = unidades de transito equivalente (pondera pesados)
puertos_contenedores,nacional,transporte,uso,Movimiento de contenedores en puertos,TEU,1,mensual,pendiente,,SSPVNyMM / AGP,candidata,Buscar serie mensual; anual disponible en WDI (IS.SHP.GOOD.TU)
estado_red_vial,nacional,transporte,calidad,Red vial nacional en estado bueno,% km,1,anual,pendiente,,DNV / Consejo Vial Federal,candidata,No hay dato abierto actualizado: el dataset Pavimentos (2019) solo trae el material de calzada
internet_penetracion,nacional,telecom,cobertura,Accesos a internet fijo cada 100 hogares,accesos c/100 hogares,1,trimestral,enacom,internet_accesos_penetracion:accesos_cada_100_hogares,ENACOM,descargada,Puede superar 100 (cuenta accesos y no hogares)
internet_penetracion_hab,nacional,telecom,cobertura,Accesos a internet fijo cada 100 habitantes,accesos c/100 hab,1,trimestral,enacom,internet_accesos_penetracion:accesos_cada_100_habitantes,ENACOM,descargada,Comparable con la ITU (IT.NET.BBND.P2): el dato anual de la ITU = ENACOM del 4to trimestre
internet_vmd_mbps,nacional,telecom,calidad,Velocidad media de bajada de internet fijo,Mbps,1,trimestral,enacom,internet_velocidad_media_descarga:Mbps,ENACOM,descargada,Velocidad CONTRATADA: para comparar con otros paises usar la medida de Ookla
velocidad_medida,nacional,telecom,calidad,Velocidad medida de bajada de internet fijo (Argentina),Mbps,1,trimestral,ookla,pais:ARG:mbps_bajada,Ookla Open Data,descargada,2019-T1+; scripts/actualizar_ookla.py
internet_share_fibra,nacional,telecom,calidad,Accesos de internet fijo por fibra optica,% de accesos,1,trimestral,enacom,internet_accesos_tecnologias:fibra_optica/total,ENACOM,descargada,
lineas_moviles,nacional,telecom,cobertura,Lineas moviles activas,miles,1,mensual,datos_gob,302.3_SERV_TELEFS_U_0_S_39,INDEC ISSP,descargada,Saturado (>140 c/100 hab): poco informativo para la serie
hogares_agua_red,nacional,agua,cobertura,Hogares con agua de red,% hogares,1,trimestral,eph,IV7=1,INDEC EPH (microdatos),descargada,31 aglomerados urbanos; scripts/actualizar_eph.py
hogares_cloaca,nacional,agua,cobertura,Hogares con desague a red cloacal,% hogares,1,trimestral,eph,IV11=1,INDEC EPH (microdatos),descargada,31 aglomerados urbanos; scripts/actualizar_eph.py
capex_energia,nacional,inversion,inversion,Gasto de capital del SPN en energia (Nacion + transferencias a provincias),millones de $,1,mensual,imig,capital_energia_nacion+capital_energia_tranferencias_provincias,Secretaria de Hacienda IMIG,descargada,Nominal: deflactar con IPC o expresar en % del PIB
capex_transporte,nacional,inversion,inversion,Gasto de capital del SPN en transporte (Nacion + transferencias a provincias),millones de $,1,mensual,imig,capital_transporte_nacion+capital_transporte_tranferencias_provincias,Secretaria de Hacienda IMIG,descargada,Nominal
capex_agua,nacional,inversion,inversion,Gasto de capital del SPN en agua potable y alcantarillado (Nacion + transferencias),millones de $,1,mensual,imig,capital_agua_potable_alcatarillado_nacion+capital_agua_potable_alcatarillado_tranferencias_provincias,Secretaria de Hacienda IMIG,descargada,Nominal
capex_vivienda,nacional,inversion,inversion,Gasto de capital del SPN en vivienda (Nacion + transferencias),millones de $,,mensual,imig,capital_vivienda_nacion+capital_vivienda_tranferencias_provincias,Secretaria de Hacienda IMIG,descargada,Infraestructura social: fuera del indice en la propuesta v0
isac_desest,nacional,inversion,inversion,Indicador sintetico de la actividad de la construccion (desest.),2004=100,1,mensual,datos_gob,33.2_ISAC_SIN_EDAD_0_M_23_56,INDEC ISAC,descargada,Incluye construccion privada
isac_asfalto,nacional,inversion,inversion,ISAC insumos: asfalto (desest.),2004=100,1,mensual,datos_gob,33.4_ISAC_ASFALLTO_0_0_12_6,INDEC ISAC,descargada,Proxy de obra vial
cemento_despachos,nacional,inversion,inversion,Ventas al mercado interno de cemento,miles de t,1,mensual,datos_gob,38.3_CEM_1994_M_7,INDEC (via SSPM),descargada,Desde 1994
ipc_nacional,auxiliar,auxiliar,,IPC nacional INDEC,dic-2016=100,,mensual,datos_gob,148.3_INIVELNAL_DICI_M_26,INDEC,descargada,Deflactor
pib_nominal_anualizado,auxiliar,auxiliar,,PIB a precios corrientes (trimestre anualizado),millones de $,,trimestral,datos_gob,4.4_OGP_2004_T_17,INDEC,descargada,Viene ANUALIZADO: anual = suma de trimestres / 4
emae_desest,auxiliar,auxiliar,,EMAE desestacionalizado,2004=100,,mensual,datos_gob,143.3_NO_PR_2004_A_31,INDEC,descargada,Para medir el uso relativo a la actividad
internet_penetracion,provincial,telecom,cobertura,Accesos a internet fijo cada 100 hogares,accesos c/100 hogares,1,trimestral,enacom,internet_accesos_penetracion_provincias:accesos_cada_100_hogares,ENACOM,descargada,24 jurisdicciones 2014-hoy
internet_vmd_mbps,provincial,telecom,calidad,Velocidad media de bajada de internet fijo,Mbps,1,trimestral,enacom,internet_velocidad_media_descarga_provincias:Mbps,ENACOM,descargada,
internet_share_fibra,provincial,telecom,calidad,Accesos de internet fijo por fibra optica,% de accesos,1,trimestral,enacom,internet_accesos_tecnologias_provincias:fibra_optica/total,ENACOM,descargada,
velocidad_medida,provincial,telecom,calidad,Velocidad medida de bajada de internet fijo,Mbps,1,trimestral,ookla,provincia:*:mbps_bajada,Ookla Open Data,descargada,2019-T1+; teselas ubicadas con poligonos del IGN
hogares_agua_red,provincial,agua,cobertura,Hogares con agua de red,% hogares,1,censal,pendiente,,INDEC Censo 2010 y 2022,candidata,
hogares_cloaca,provincial,agua,cobertura,Hogares con desague a red cloacal,% hogares,1,censal,pendiente,,INDEC Censo 2010 y 2022,candidata,
hogares_gas_red,provincial,energia,cobertura,Hogares con gas de red,% hogares,1,censal,pendiente,,INDEC Censo 2010 y 2022,candidata,
demanda_electrica_prov,provincial,energia,uso,Demanda de energia electrica por habitante,MWh/hab,1,mensual,pendiente,,CAMMESA (base del informe mensual),candidata,Los CSV de datos.energia.gob.ar estan congelados en feb-2020: ir a CAMMESA directo
usuarios_gas_prov,provincial,energia,cobertura,Usuarios de gas natural por red,usuarios c/100 hogares,1,mensual,pendiente,,ENARGAS,candidata,
red_vial_pavimentada,provincial,transporte,cobertura,Rutas pavimentadas por km2,km/km2,1,eventual,pendiente,,DNV (dataset Pavimentos 2019) + vialidades provinciales,candidata,
obra_publica_prov,provincial,inversion,inversion,Obra publica nacional por habitante,$ por habitante,1,anual,pendiente,https://mapainversiones.obraspublicas.gob.ar/opendata/dataset_mop.csv,Secretaria de Obras Publicas (Mapa de Inversiones),verificada,7.285 obras 2008-2024 con provincia y monto; archivo en latin-1
parques_industriales,provincial,inversion,capacidad,Parques industriales registrados,cantidad,1,eventual,pendiente,,RENPI,candidata,
acceso_electricidad,internacional,energia,cobertura,Poblacion con acceso a electricidad,% poblacion,1,anual,wdi,EG.ELC.ACCS.ZS,Banco Mundial WDI,descargada,
perdidas_red_electrica,internacional,energia,calidad,Perdidas de transmision y distribucion electrica,% de la produccion,-1,anual,wdi,EG.ELC.LOSS.ZS,Banco Mundial WDI,descargada,
consumo_electrico_pc,internacional,energia,uso,Consumo de energia electrica por habitante,kWh por habitante,1,anual,wdi,EG.USE.ELEC.KH.PC,Banco Mundial WDI,descargada,
banda_ancha_fija,internacional,telecom,cobertura,Suscripciones a banda ancha fija,c/100 habitantes,1,anual,wdi,IT.NET.BBND.P2,Banco Mundial WDI (ITU),descargada,
usuarios_internet,internacional,telecom,cobertura,Personas que usan internet,% poblacion,1,anual,wdi,IT.NET.USER.ZS,Banco Mundial WDI (ITU),descargada,
servidores_seguros,internacional,telecom,calidad,Servidores de internet seguros,por millon de habitantes,1,anual,wdi,IT.NET.SECR.P6,Banco Mundial WDI,descargada,
puertos_teu,internacional,transporte,uso,Trafico portuario de contenedores,TEU,1,anual,wdi,IS.SHP.GOOD.TU,Banco Mundial WDI,descargada,Normalizar por poblacion o PIB
carga_aerea_tkm,internacional,transporte,uso,Transporte aereo de carga,millones de t-km,1,anual,wdi,IS.AIR.GOOD.MT.K1,Banco Mundial WDI,descargada,
lpi_infraestructura,internacional,transporte,calidad,LPI: calidad de la infraestructura de comercio y transporte,1 a 5,1,anual,wdi,LP.LPI.INFR.XQ,Banco Mundial LPI,descargada,Ediciones 2007-2018 y 2022 (cada 2-4 anios)
lpi_general,internacional,transporte,calidad,LPI: indice general de desempeno logistico,1 a 5,1,anual,wdi,LP.LPI.OVRL.XQ,Banco Mundial LPI,descargada,
fbkf_pib,internacional,inversion,inversion,Formacion bruta de capital fijo,% del PIB,1,anual,wdi,NE.GDI.FTOT.ZS,Banco Mundial WDI,descargada,Inversion total (no solo infraestructura)
ppi_energia,internacional,inversion,inversion,Inversion en energia con participacion privada,USD corrientes,1,anual,wdi,IE.PPI.ENGY.CD,Banco Mundial PPI,descargada,Serie con huecos: solo como referencia
agua_basica,internacional,agua,cobertura,Poblacion con al menos agua potable basica,% poblacion,1,anual,wdi,SH.H2O.BASW.ZS,Banco Mundial (JMP OMS/UNICEF),descargada,Argentina solo hasta 2016 en WDI
saneamiento_basico,internacional,agua,cobertura,Poblacion con al menos saneamiento basico,% poblacion,1,anual,wdi,SH.STA.BASS.ZS,Banco Mundial (JMP OMS/UNICEF),descargada,Argentina solo hasta 2016 en WDI
firmas_cortes_electricos,internacional,energia,calidad,Empresas que sufren cortes electricos,% de empresas,-1,eventual,wdi,IC.ELC.OUTG.ZS,Banco Mundial Enterprise Surveys,descargada,Argentina: 2006 2010 y 2017
stock_capital_publico,internacional,inversion,capacidad,Stock de capital publico por habitante,USD PPA 2017,1,anual,pendiente,,FMI Investment and Capital Stock Dataset,candidata,Llega hasta 2019
velocidad_medida,internacional,telecom,calidad,Velocidad medida de bajada de internet fijo,Mbps,1,trimestral,ookla,pais:*:mbps_bajada,Ookla Open Data (CC BY-NC-SA 4.0),descargada,2019-T1+; 11 paises; teselas ubicadas con poligonos de Natural Earth
fibra_share,internacional,telecom,calidad,Suscripciones de banda ancha fija por fibra,% de suscripciones,1,semestral,oecd_bb,FIB.PT_SB_FBB,OCDE Broadband Portal,descargada,Q2 y Q4 de cada anio; 9 paises (sin Argentina ni Uruguay)
