codigo_indec,provincia,nombre_enacom
02,CABA,CABA
06,Buenos Aires,Buenos Aires
10,Catamarca,Catamarca
14,Córdoba,Córdoba
18,Corrientes,Corrientes
22,Chaco,Chaco
26,Chubut,Chubut
30,Entre Ríos,Entre Ríos
34,Formosa,Formosa
38,Jujuy,Jujuy
42,La Pampa,La Pampa
46,La Rioja,La Rioja
50,Mendoza,Mendoza
54,Misiones,Misiones
58,Neuquén,Neuquén
62,Río Negro,Río Negro
66,Salta,Salta
70,San Juan,San Juan
74,San Luis,San Luis
78,Santa Cruz,Santa Cruz
82,Santa Fe,Santa Fe
86,Santiago del Estero,Santiago Del Estero
90,Tucumán,Tucumán
94,Tierra del Fuego,Tierra Del Fuego
